{
  "files": [
    {
      "filepath": "/Users/tfrydrychewicz/Documents/Code/contextcraft/packages/core/__tests__/benchmarks/example.bench.ts",
      "groups": [
        {
          "fullName": "__tests__/benchmarks/example.bench.ts > Test helpers benchmark",
          "benchmarks": [
            {
              "id": "-1552309891_0_0",
              "name": "makeItem x 1000",
              "rank": 2,
              "rme": 0.31786081479809064,
              "samples": [],
              "totalTime": 500.00954099999933,
              "min": 0.023291999999969448,
              "max": 0.1763749999998936,
              "hz": 36853.29676539118,
              "period": 0.027134614478753965,
              "mean": 0.027134614478753965,
              "variance": 0.00003568319957892402,
              "sd": 0.005973541627788662,
              "sem": 0.00004400525850739185,
              "df": 18426,
              "critical": 1.96,
              "moe": 0.00008625030667448803,
              "p75": 0.027125000000012278,
              "p99": 0.06287499999996271,
              "p995": 0.07045800000003055,
              "p999": 0.10000000000002274,
              "sampleCount": 18427,
              "median": 0.02695800000003601
            },
            {
              "id": "-1552309891_0_1",
              "name": "makeSlot with 10 items",
              "rank": 1,
              "rme": 0.3279237941245244,
              "samples": [],
              "totalTime": 500.0003820000129,
              "min": 0.0006249999998999556,
              "max": 0.46145799999999326,
              "hz": 1213513.072875981,
              "period": 0.0008240537513370474,
              "mean": 0.0008240537513370474,
              "variance": 0.000001153345949012315,
              "sd": 0.0010739394531407787,
              "sem": 0.0000013787083301071018,
              "df": 606756,
              "critical": 1.96,
              "moe": 0.0000027022683270099195,
              "p75": 0.0008330000000569271,
              "p99": 0.0010000000002037268,
              "p995": 0.0010829999998804851,
              "p999": 0.0018340000000307555,
              "sampleCount": 606757,
              "median": 0.0007920000000467553
            }
          ]
        }
      ]
    },
    {
      "filepath": "/Users/tfrydrychewicz/Documents/Code/contextcraft/packages/tokenizers/src/count-batch.bench.ts",
      "groups": [
        {
          "fullName": "src/count-batch.bench.ts > countBatch vs individual count (Cl100k)",
          "benchmarks": [
            {
              "id": "1356085236_0_0",
              "name": "individual count() × 200",
              "rank": 1,
              "rme": 2.321412851614006,
              "samples": [],
              "totalTime": 500.61832999999893,
              "min": 1.8913749999999823,
              "max": 7.653582999999912,
              "hz": 471.4170174312245,
              "period": 2.121264110169487,
              "mean": 2.121264110169487,
              "variance": 0.14896838771389917,
              "sd": 0.3859642311327556,
              "sem": 0.025124131464362223,
              "df": 235,
              "critical": 1.96,
              "moe": 0.049243297670149955,
              "p75": 2.1213750000000005,
              "p99": 3.0678330000000074,
              "p995": 3.131332999999927,
              "p999": 7.653582999999912,
              "sampleCount": 236,
              "median": 2.0823339999999746
            },
            {
              "id": "1356085236_0_1",
              "name": "countBatch(200 strings)",
              "rank": 2,
              "rme": 1.9358451245979542,
              "samples": [],
              "totalTime": 501.104291,
              "min": 1.9278329999999642,
              "max": 5.4122500000000855,
              "hz": 462.97747627948365,
              "period": 2.1599322887931036,
              "mean": 2.1599322887931036,
              "variance": 0.10558381105259755,
              "sd": 0.32493662620978503,
              "sem": 0.02133313464653995,
              "df": 231,
              "critical": 1.96,
              "moe": 0.0418129439072183,
              "p75": 2.1511250000000928,
              "p99": 4.04483300000004,
              "p995": 4.33016699999996,
              "p999": 5.4122500000000855,
              "sampleCount": 232,
              "median": 2.0887495000000627
            }
          ]
        }
      ]
    },
    {
      "filepath": "/Users/tfrydrychewicz/Documents/Code/contextcraft/packages/tokenizers/src/performance-targets.bench.ts",
      "groups": [
        {
          "fullName": "src/performance-targets.bench.ts > §2.6 / §18.1 — token counting targets (bench)",
          "benchmarks": [
            {
              "id": "1922072235_0_0",
              "name": "countMessage single (SLA: mean <0.1ms/call in sla.test)",
              "rank": 1,
              "rme": 0.4018148088033027,
              "samples": [],
              "totalTime": 500.00573000000696,
              "min": 0.009082999999918684,
              "max": 0.5940829999999551,
              "hz": 93200.93191731893,
              "period": 0.010729506448359627,
              "mean": 0.010729506448359627,
              "variance": 0.000022547295716016323,
              "sd": 0.004748399279337861,
              "sem": 0.00002199629888827259,
              "df": 46600,
              "critical": 1.96,
              "moe": 0.00004311274582101427,
              "p75": 0.010709000000019842,
              "p99": 0.016000000000019554,
              "p995": 0.021709000000043943,
              "p999": 0.05829199999999446,
              "sampleCount": 46601,
              "median": 0.010540999999989253
            },
            {
              "id": "1922072235_0_1",
              "name": "TokenCountCache 1000× L1 hits / iteration (see sla.test for p99 per hit)",
              "rank": 2,
              "rme": 9.541664580937203,
              "samples": [],
              "totalTime": 500.67941100000166,
              "min": 0.6121659999998883,
              "max": 9.468582999999853,
              "hz": 1146.4421891316758,
              "period": 0.872263782229968,
              "mean": 0.872263782229968,
              "variance": 1.0350080356151314,
              "sd": 1.0173534467505043,
              "sem": 0.042463512429275554,
              "df": 573,
              "critical": 1.96,
              "moe": 0.08322848436138008,
              "p75": 0.7594579999999951,
              "p99": 8.469875000000002,
              "p995": 8.749249999999847,
              "p999": 9.468582999999853,
              "sampleCount": 574,
              "median": 0.713583500000027
            }
          ]
        }
      ]
    }
  ]
}